id,단지명,구,동,세대수,1년거래,좋은점,아쉬운점,출처
미아동-에스케이북한산시티-1353,에스케이북한산시티,강북구,미아동,3830,266,,,
잠실동-리센츠-22,리센츠,송파구,잠실동,5563,207,,,
신천동-파크리오-17,파크리오,송파구,신천동,6864,206,,,
가락동-헬리오시티-913,헬리오시티,송파구,가락동,9510,195,,,
상계동-상계주공6(고층)-720,상계주공6(고층),노원구,상계동,2646,189,,,
상계동-상계주공9(고층)-670,상계주공9(고층),노원구,상계동,2830,181,,,
고덕동-고덕그라시움-693,고덕그라시움,강동구,고덕동,4932,159,,,
문정동-문정시영-145,문정시영,송파구,문정동,1316,168,,,
중계동-중계그린1단지-502-1,중계그린1단지,노원구,중계동,3481,176,,,
정릉동-정릉풍림아이원-239,정릉풍림아이원,성북구,정릉동,1971,173,,,
창동-창동주공3단지(해등마을)-347,창동주공3단지(해등마을),도봉구,창동,2856,169,,,
관양동-한가람(세경)-1589,한가람(세경),안양시 동안구,관양동,2036,170,,,
중계동-중계무지개-512,중계무지개,노원구,중계동,2433,168,,,
상계동-상계주공7(고층)-691,상계주공7(고층),노원구,상계동,2634,167,,,
잠실동-잠실엘스-19,잠실엘스,송파구,잠실동,5678,157,,,
정자동-한솔마을(5단지)(주공)-112,한솔마을(5단지)(주공),성남시 분당구,정자동,570,167,,,
봉천동-벽산블루밍-1718,벽산블루밍,관악구,봉천동,2105,160,,,
방학동-신동아아파트1-271-1,신동아아파트1,도봉구,방학동,3169,151,,,
상계동-보람아파트-639,보람아파트,노원구,상계동,3315,149,,,
상계동-상계주공1(고층)-765,상계주공1(고층),노원구,상계동,2100,152,,,
서현동-시범한양-91,시범한양,성남시 분당구,서현동,576,140,,,
공릉동-태강아파트(아이파크)-81,태강아파트(아이파크),노원구,공릉동,1676,152,,,
정자동-한솔마을(4단지)(주공)-102,한솔마을(4단지)(주공),성남시 분당구,정자동,570,139,,,
창동-주공17단지-38,주공17단지,도봉구,창동,1980,150,,,
신당동-남산타운-844,남산타운,중구,신당동,3118,147,,,
북가좌동-dmc래미안e편한세상-481,DMC래미안e편한세상,서대문구,북가좌동,3293,146,,,
탄현동-일산두산위브더제니스-1640,일산두산위브더제니스,고양시 일산서구,탄현동,763,152,,,
신림동-관악산휴먼시아2단지-1735,관악산휴먼시아2단지,관악구,신림동,2810,146,,,
돈암동-한진(609-1)-609-1,한진(609-1),성북구,돈암동,3929,143,,,
월계동-한진한화그랑빌-18,한진한화그랑빌,노원구,월계동,3003,145,,,
봉천동-관악드림(동아)-1712,관악드림(동아),관악구,봉천동,1843,131,,,
암사동-선사현대아파트-509,선사현대아파트,강동구,암사동,2938,141,,,
개봉동-한마을-476,한마을,구로구,개봉동,1983,143,,,
상일동-고덕아르테온-519,고덕아르테온,강동구,상일동,4066,122,,,
상계동-상계주공16(고층)-624,상계주공16(고층),노원구,상계동,2392,141,,,
관양동-한가람(신라)-1589-1,한가람(신라),안양시 동안구,관양동,2036,140,,,
화곡동-강서힐스테이트-1165,강서힐스테이트,강서구,화곡동,2603,138,,,
봉천동-관악푸르지오-1717,관악푸르지오,관악구,봉천동,2104,139,,,
가양동-강변-1475,강변,강서구,가양동,360,143,,,
잠실동-트리지움-35,트리지움,송파구,잠실동,3696,119,,,
응암동-녹번역e편한세상캐슬-769,녹번역e편한세상캐슬,은평구,응암동,2569,136,,,
답십리동-래미안위브-1003,래미안위브,동대문구,답십리동,2652,134,,,
호평동-두산알프하임-730,두산알프하임,남양주시,호평동,763,138,,,
상계동-상계주공14(고층)-626,상계주공14(고층),노원구,상계동,2265,134,,,
둔촌동-올림픽파크포레온-633,올림픽파크포레온,강동구,둔촌동,12032,109,,,
고덕동-래미안힐스테이트고덕-688,래미안힐스테이트고덕,강동구,고덕동,3658,114,,,
암사동-롯데캐슬퍼스트-414-2,롯데캐슬퍼스트,강동구,암사동,3226,115,,,
상계동-상계주공4(고층)-749-5,상계주공4(고층),노원구,상계동,2136,132,,,
"화곡동-우장산아이파크,이편한세상-1159","우장산아이파크,이편한세상",강서구,화곡동,2517,115,,,
전농동-래미안크레시티-690,래미안크레시티,동대문구,전농동,2397,130,,,
영덕동-용인기흥효성해링턴플레이스-1267,용인기흥효성해링턴플레이스,용인시 기흥구,영덕동,340,134,,,
가양동-가양2단지(성지)-1461,가양2단지(성지),강서구,가양동,1624,130,,,
상계동-상계주공10(고층)-666,상계주공10(고층),노원구,상계동,2654,127,,,
미아동-벽산라이브파크-1354,벽산라이브파크,강북구,미아동,1585,129,,,
신내동-신내6대주-650,신내6대주,중랑구,신내동,1609,128,,,
미아동-삼각산아이원-1357,삼각산아이원,강북구,미아동,1344,113,,,
중계동-주공5-359-1,주공5,노원구,중계동,2328,110,,,
시흥동-관악산벽산타운5-1013,관악산벽산타운5,금천구,시흥동,2810,123,,,
상계동-상계주공3(고층)-730-2,상계주공3(고층),노원구,상계동,2213,124,,,
봉천동-두산-1708,두산,관악구,봉천동,763,127,,,
문정동-올림픽훼밀리타운-150,올림픽훼밀리타운,송파구,문정동,4494,117,,,
상계동-상계주공2(고층)-740,상계주공2(고층),노원구,상계동,2029,122,,,
잠실동-주공아파트-5단지-27,주공아파트 5단지,송파구,잠실동,3930,117,,,
가양동-가양6단지-1485,가양6단지,강서구,가양동,1476,123,,,
영통동-벽적골두산-973-3,벽적골두산,수원시 영통구,영통동,763,124,,,
도봉동-한신-30-1,한신,도봉구,도봉동,2678,119,,,
풍덕천동-동부-691,동부,용인시 수지구,풍덕천동,368,109,,,
하월곡동-월곡두산위브-222,월곡두산위브,성북구,하월곡동,2197,119,,,
내발산동-우장산힐스테이트-657,우장산힐스테이트,강서구,내발산동,2198,101,,,
구로동-구로두산-1265,구로두산,구로구,구로동,1285,117,,,
방화동-방화5-814,방화5,강서구,방화동,1372,116,,,
비산동-샛별마을한양4-1-1101-2,샛별마을한양4-1,안양시 동안구,비산동,576,116,,,
동백동-용인동백두산위브더제니스-694,용인동백두산위브더제니스,용인시 기흥구,동백동,763,115,,,
화곡동-화곡푸르지오-1091,화곡푸르지오,강서구,화곡동,2176,95,,,
월계동-동신-436,동신,노원구,월계동,864,113,,,
신림동-신림현대-1694,신림현대,관악구,신림동,1634,109,,,
남가좌동-dmc파크뷰자이1단지-385,DMC파크뷰자이1단지,서대문구,남가좌동,4300,102,,,
상계동-상계주공12(고층)-647,상계주공12(고층),노원구,상계동,1739,108,,,
길음동-길음뉴타운2단지푸르지오-1280,길음뉴타운2단지푸르지오,성북구,길음동,2068,92,,,
"탄현동-큰마을대림,현대아파트-121","큰마을대림,현대아파트",고양시 일산서구,탄현동,370,111,,,
풍산동-미사강변브라운스톤엔에이치에프-559,미사강변브라운스톤엔에이치에프,하남시,풍산동,360,110,,,
목동-목동신시가지7-925,목동신시가지7,양천구,목동,2550,89,,,
철산동-주공12-449,주공12,광명시,철산동,1739,106,,,
봉천동-현대(관악)-1000,현대(관악),관악구,봉천동,2134,104,,,
길음동-롯데캐슬클라시아-1289,롯데캐슬클라시아,성북구,길음동,2033,104,,,
화도읍-묵현리-남양주두산위브트레지움-628,남양주두산위브트레지움,남양주시,화도읍 묵현리,763,107,,,
장안동-장안현대홈타운(336)-336,장안현대홈타운(336),동대문구,장안동,2182,103,,,
망월동-미사강변-센텀팰리스-1050,미사강변 센텀팰리스,하남시,망월동,360,92,,,
영등포동-영등포푸르지오-647,영등포푸르지오,영등포구,영등포동,2462,101,,,
석관동-두산-10,두산,성북구,석관동,763,105,,,
상계동-상계주공11(고층)-652,상계주공11(고층),노원구,상계동,1944,102,,,
돈암동-한신-609-1,한신,성북구,돈암동,3929,97,,,
상일동-고덕롯데캐슬베네루체-514,고덕롯데캐슬베네루체,강동구,상일동,1859,102,,,
도봉동-서원-641,서원,도봉구,도봉동,1716,102,,,
봉천동-봉천우성-1706,봉천우성,관악구,봉천동,717,104,,,
가락동-가락(1차)쌍용아파트-140,가락(1차)쌍용아파트,송파구,가락동,2064,100,,,
명일동-삼익그린2차-15,삼익그린2차,강동구,명일동,2400,84,,,
수색동-dmc롯데캐슬더퍼스트-417,DMC롯데캐슬더퍼스트,은평구,수색동,1192,102,,,
호계동-평촌두산위브리버뷰-1309,평촌두산위브리버뷰,안양시 동안구,호계동,763,103,,,
신월동-목동센트럴아이파크위브2단지-1076,목동센트럴아이파크위브2단지,양천구,신월동,3045,97,,,
길음동-길음뉴타운8단지(래미안)-1284,길음뉴타운8단지(래미안),성북구,길음동,1497,84,,,
독산동-금천롯데캐슬골드파크3차-1155,금천롯데캐슬골드파크3차,금천구,독산동,1236,99,,,
봉천동-관악드림(삼성)-1712,관악드림(삼성),관악구,봉천동,1843,82,,,
정자동-한솔마을(6단지)(주공)-117,한솔마을(6단지)(주공),성남시 분당구,정자동,570,85,,,
개봉동-현대-481,현대,구로구,개봉동,2412,95,,,
길음동-래미안길음센터피스-1288,래미안길음센터피스,성북구,길음동,2352,95,,,
중계동-주공2-369,주공2,노원구,중계동,1800,81,,,
노량진동-신동아리버파크-325,신동아리버파크,동작구,노량진동,1696,96,,,
장위동-래미안장위퍼스트하이-320,래미안장위퍼스트하이,성북구,장위동,1562,96,,,
와부읍-도곡리-한강우성-1012,한강우성,남양주시,와부읍 도곡리,355,99,,,
방화동-방화그린-839,방화그린,강서구,방화동,984,97,,,
고덕동-아남1-486,아남1,강동구,고덕동,807,82,,,
가양동-가양도시개발9-2단지-1490,가양도시개발9-2단지,강서구,가양동,1005,96,,,
다산동-다산한양수자인리버팰리스-6024,다산한양수자인리버팰리스,남양주시,다산동,576,97,,,
전농동-전농sk-10,전농SK,동대문구,전농동,1830,93,,,
미아동-두산위브트레지움-811,두산위브트레지움,강북구,미아동,1370,94,,,
상계동-은빛2단지-1256,은빛2단지,노원구,상계동,1313,94,,,
하안동-광명-두산위브-트레지움-863,광명 두산위브 트레지움,광명시,하안동,763,80,,,
수서동-까치마을-746,까치마을,강남구,수서동,1403,93,,,
망월동-미사강변-골든-센트로-1162,미사강변 골든 센트로,하남시,망월동,360,95,,,
시흥동-남서울힐스테이트-1026,남서울힐스테이트,금천구,시흥동,1764,91,,,
창동-창동주공4단지-373,창동주공4단지,도봉구,창동,1710,91,,,
면목동-사가정센트럴아이파크-1545,사가정센트럴아이파크,중랑구,면목동,1505,91,,,
창동-동아청솔-808,동아청솔,도봉구,창동,1981,89,,,
불광동-북한산현대힐스테이트3차아파트-641,북한산현대힐스테이트3차아파트,은평구,불광동,1185,90,,,
명일동-래미안솔베뉴-359,래미안솔베뉴,강동구,명일동,1900,73,,,
수색동-dmcsk뷰아이파크포레-419,DMCSK뷰아이파크포레,은평구,수색동,1482,89,,,
번동-주공1단지-242,주공1단지,강북구,번동,1430,89,,,
응암동-백련산힐스테이트1차-759,백련산힐스테이트1차,은평구,응암동,1028,90,,,
독산동-금천롯데캐슬골드파크1차-1147,금천롯데캐슬골드파크1차,금천구,독산동,1743,88,,,
하계동-청솔(시영7)-274,청솔(시영7),노원구,하계동,1192,89,,,
도곡동-도곡렉슬-527,도곡렉슬,강남구,도곡동,3002,69,,,
거여동-거여1단지-290,거여1단지,송파구,거여동,1004,88,,,
장위동-꿈의숲아이파크-323,꿈의숲아이파크,성북구,장위동,1711,86,,,
전농동-전농우성-6,전농우성,동대문구,전농동,1234,87,,,
안양동-두산위브더아티움-1438,두산위브더아티움,안양시 만안구,안양동,763,88,,,
상계동-은빛1단지-1255,은빛1단지,노원구,상계동,1391,86,,,
광명동-광명해모로이연-785,광명해모로이연,광명시,광명동,430,88,,,
평촌동-초원마을대림-898-2,초원마을대림,안양시 동안구,평촌동,370,73,,,
묵동-신내-13,신내,중랑구,묵동,1070,86,,,
사당동-극동(105)-105,극동(105),동작구,사당동,1550,84,,,
서천동-영통로효성해링턴플레이스1차-828,영통로효성해링턴플레이스1차,용인시 기흥구,서천동,340,87,,,
개포동-개포자이프레지던스-1284,개포자이프레지던스,강남구,개포동,3375,79,,,
대림동-현대3차-608-1,현대3차,영등포구,대림동,1162,84,,,
미아동-꿈의숲해링턴플레이스-1369,꿈의숲해링턴플레이스,강북구,미아동,1028,84,,,
이문동-대림e-편한세상-225,대림e-편한세상,동대문구,이문동,1378,83,,,
면목동-면목한신-193-1,면목한신,중랑구,면목동,1362,83,,,
선동-미사강변2차푸르지오-433,미사강변2차푸르지오,하남시,선동,360,85,,,
신정동-목동우성2-337,목동우성2,양천구,신정동,332,70,,,
길동-삼익파크맨션-53,삼익파크맨션,강동구,길동,1092,83,,,
고척동-대우-296,대우,구로구,고척동,987,83,,,
하월곡동-래미안월곡-225,래미안월곡,성북구,하월곡동,1372,82,,,
종암동-래미안세레니티-133,래미안세레니티,성북구,종암동,955,68,,,
상계동-벽산-173-1,벽산,노원구,상계동,1590,81,,,
신도림동-대림2-642,대림2,구로구,신도림동,2298,79,,,
행당동-행당한진타운-346,행당한진타운,성동구,행당동,2123,79,,,
응암동-백련산에스케이뷰아이파크-767,백련산에스케이뷰아이파크,은평구,응암동,1305,81,,,
암사동-프라이어팰리스-413,프라이어팰리스,강동구,암사동,1622,80,,,
가산동-두산-769,두산,금천구,가산동,763,82,,,
남가좌동-dmc센트럴아이파크-388,DMC센트럴아이파크,서대문구,남가좌동,1061,66,,,
미아동-삼성래미안트리베라2단지-812,삼성래미안트리베라2단지,강북구,미아동,1330,80,,,
보문동6가-보문파크뷰자이-458,보문파크뷰자이,성북구,보문동6가,1186,80,,,
등촌동-부영-691-3,부영,강서구,등촌동,712,81,,,
개봉동-현대홈타운-480,현대홈타운,구로구,개봉동,964,80,,,
상일동-고덕센트럴ipark-513,고덕센트럴IPARK,강동구,상일동,1745,78,,,
개포동-성원대치2단지아파트-12,성원대치2단지아파트,강남구,개포동,713,80,,,
잠실동-레이크팰리스-44,레이크팰리스,송파구,잠실동,2678,60,,,
장안동-래미안장안2차-329-3,래미안장안2차,동대문구,장안동,1786,77,,,
개봉동-한진-478,한진,구로구,개봉동,1371,78,,,
이문동-쌍용-64,쌍용,동대문구,이문동,1318,78,,,
금호동1가-벽산-633,벽산,성동구,금호동1가,1707,77,,,
쌍문동-삼익세라믹-56,삼익세라믹,도봉구,쌍문동,476,80,,,
등촌동-주공5-695,주공5,강서구,등촌동,1045,78,,,
사당동-사당롯데캐슬골든포레-1160,사당롯데캐슬골든포레,동작구,사당동,959,78,,,
신정동-신트리4-1277,신트리4,양천구,신정동,845,78,,,
종암동-래미안크리시엘-80,래미안크리시엘,성북구,종암동,1168,77,,,
길음동-길음동동부센트레빌(1278-0)-1278,길음동동부센트레빌(1278-0),성북구,길음동,368,79,,,
망월동-미사강변푸르지오-1060,미사강변푸르지오,하남시,망월동,360,64,,,
신장동-대명강변타운-569,대명강변타운,하남시,신장동,360,79,,,
신도림동-대림1-642,대림1,구로구,신도림동,2298,74,,,
신당동-약수하이츠-842,약수하이츠,중구,신당동,684,78,,,
둔촌동-둔촌푸르지오-630,둔촌푸르지오,강동구,둔촌동,800,77,,,
남가좌동-dmc래미안클라시스-377,DMC래미안클라시스,서대문구,남가좌동,358,63,,,
홍은동-홍은동벽산-455,홍은동벽산,서대문구,홍은동,1509,75,,,
상계동-노원롯데캐슬시그니처-1410,노원롯데캐슬시그니처,노원구,상계동,553,77,,,
하안동-주공12-110,주공12,광명시,하안동,1739,74,,,
문정동-문정래미안-1,문정래미안,송파구,문정동,1696,59,,,
남가좌동-남가좌동현대-376,남가좌동현대,서대문구,남가좌동,1155,75,,,
천연동-천연뜨란채-145,천연뜨란채,서대문구,천연동,1008,75,,,
북가좌동-dmc한양-431,DMC한양,서대문구,북가좌동,576,61,,,
방화동-마곡중앙하이츠아파트-852,마곡중앙하이츠아파트,강서구,방화동,930,75,,,
구로동-신도림태영타운-1267,신도림태영타운,구로구,구로동,1252,74,,,
독산동-독산주공14단지-1088,독산주공14단지,금천구,독산동,840,75,,,
쌍문동-한양2-59,한양2,도봉구,쌍문동,1635,73,,,
성내동-성내동삼성아파트-590,성내동삼성아파트,강동구,성내동,1220,74,,,
장지동-송파더센트레-879,송파더센트레,송파구,장지동,1139,59,,,
남가좌동-dmc에코자이-389,DMC에코자이,서대문구,남가좌동,1047,59,,,
금광동-한양수자인성남마크뷰-2600,한양수자인성남마크뷰,성남시 중원구,금광동,576,75,,,
비산동-샛별한양6(고층1109-4)-1109-4,샛별한양6(고층1109-4),안양시 동안구,비산동,576,75,,,
하계동-한신1-284,한신1,노원구,하계동,1200,73,,,
목동-목동신시가지3-903,목동신시가지3,양천구,목동,1588,57,,,
천호동-래미안강동팰리스-571,래미안강동팰리스,강동구,천호동,999,73,,,
호계동-샘마을한양-1121,샘마을한양,안양시 동안구,호계동,576,59,,,
신길동-래미안에스티움-4950,래미안에스티움,영등포구,신길동,1722,71,,,
녹번동-북한산푸르지오-281,북한산푸르지오,은평구,녹번동,1230,72,,,
신길동-삼환-897-1,삼환,영등포구,신길동,783,73,,,
망월동-미사강변스타힐스아파트-956,미사강변스타힐스아파트,하남시,망월동,360,74,,,
보라동-용인보라효성해링턴플레이스-660,용인보라효성해링턴플레이스,용인시 기흥구,보라동,340,74,,,
하계동-학여울청구-354,학여울청구,노원구,하계동,1476,71,,,
전농동-청량리역롯데캐슬-sky-l65-620-47,청량리역롯데캐슬 SKY-L65,동대문구,전농동,1425,71,,,
반포동-반포자이-20-43,반포자이,서초구,반포동,3410,51,,,
구의동-현대프라임-631-1,현대프라임,광진구,구의동,1592,55,,,
신림동-신림푸르지오-1730,신림푸르지오,관악구,신림동,1456,70,,,
온수동-온수힐스테이트-155,온수힐스테이트,구로구,온수동,999,71,,,
창동-주공19단지(창동리버타운)-27,주공19단지(창동리버타운),도봉구,창동,1764,69,,,
공릉동-태릉해링턴플레이스-758,태릉해링턴플레이스,노원구,공릉동,1308,70,,,
상도동-래미안상도3차-431,래미안상도3차,동작구,상도동,1656,69,,,
망월동-미사강변-하우스디-더-레이크-1062,미사강변 하우스디 더 레이크,하남시,망월동,360,57,,,
제기동-한신아파트-1212,한신아파트,동대문구,제기동,1070,70,,,
신월동-신월시영-987-1,신월시영,양천구,신월동,2256,67,,,
독산동-금천현대-711-2,금천현대,금천구,독산동,996,70,,,
시흥동-벽산-1010,벽산,금천구,시흥동,564,71,,,
대치동-은마-316,은마,강남구,대치동,4424,46,,,
대방동-대림아파트-501,대림아파트,동작구,대방동,370,71,,,
홍제동-홍제역해링턴플레이스-474,홍제역해링턴플레이스,서대문구,홍제동,1116,69,,,
수색동-e편한세상-수색-에코포레-415-1,e편한세상 수색 에코포레,은평구,수색동,976,69,,,
상계동-상계주공13(고층)-637,상계주공13(고층),노원구,상계동,939,69,,,
신정동-목동신시가지11-325,목동신시가지11,양천구,신정동,1595,52,,,
구의동-강변스카이타워-587-6,강변스카이타워,광진구,구의동,360,55,,,
상현동-서원마을현대홈타운-85-6,서원마을현대홈타운,용인시 수지구,상현동,1716,51,,,
마곡동-마곡13단지힐스테이트마스터-748,마곡13단지힐스테이트마스터,강서구,마곡동,1194,67,,,
수유동-수유벽산1차-205,수유벽산1차,강북구,수유동,1454,66,,,
상일동-고덕자이-521,고덕자이,강동구,상일동,1824,65,,,
청량리동-한신-60,한신,동대문구,청량리동,960,67,,,
현저동-독립문극동(200-0)-200,독립문극동(200-0),서대문구,현저동,1300,66,,,
구로동-구로두산위브-1278,구로두산위브,구로구,구로동,660,67,,,
신정동-신트리1-1259,신트리1,양천구,신정동,997,66,,,
명일동-고덕주공9-257,고덕주공9,강동구,명일동,1320,50,,,
개봉동-두산-472,두산,구로구,개봉동,763,66,,,
평촌동-초원한양-897-5,초원한양,안양시 동안구,평촌동,576,66,,,
월계동-현대-929,현대,노원구,월계동,1281,64,,,
월계동-월계센트럴아이파크-951,월계센트럴아이파크,노원구,월계동,859,65,,,
관양동-한가람(한양)-1586,한가람(한양),안양시 동안구,관양동,2036,62,,,
개봉동-개봉동현대아이파크-489,개봉동현대아이파크,구로구,개봉동,2412,61,,,
삼가동-용인행정타운두산위브2단지-563,용인행정타운두산위브2단지,용인시 처인구,삼가동,763,65,,,
풍산동-미사강변동원로얄듀크-477,미사강변동원로얄듀크,하남시,풍산동,360,66,,,
상도동-힐스테이트-상도-센트럴파크-531,힐스테이트 상도 센트럴파크,동작구,상도동,1559,63,,,
목동-목동신시가지1-901,목동신시가지1,양천구,목동,1882,47,,,
신림동-삼성산주공(주공3단지)-1714,삼성산주공(주공3단지),관악구,신림동,1482,63,,,
수택동-구리역한양수자인리버시티-889,구리역한양수자인리버시티,구리시,수택동,576,65,,,
정릉동-길음뉴타운경남아너스빌-1015,길음뉴타운경남아너스빌,성북구,정릉동,860,64,,,
반포동-래미안퍼스티지-18-1,래미안퍼스티지,서초구,반포동,2444,45,,,
휘경동-휘경리오포레아파트(2단지)-57,휘경리오포레아파트(2단지),동대문구,휘경동,1224,63,,,
와부읍-도곡리-덕소두산위브-986-1,덕소두산위브,남양주시,와부읍 도곡리,763,64,,,
와부읍-덕소리-강변삼익-600-3,강변삼익,남양주시,와부읍 덕소리,360,65,,,
아현동-더클래시-804,더클래시,마포구,아현동,1419,62,,,
홍제동-홍제원현대(459-0)-459,홍제원현대(459-0),서대문구,홍제동,939,63,,,
창동-북한산아이파크5차-825,북한산아이파크5차,도봉구,창동,2061,60,,,
구로동-삼성래미안-256-1,삼성래미안,구로구,구로동,1244,62,,,
구로동-구일우성-1259,구일우성,구로구,구로동,829,63,,,
응암동-백련산해모로-768,백련산해모로,은평구,응암동,760,63,,,
망월동-미사강변루나리움-1034,미사강변루나리움,하남시,망월동,360,64,,,
응암동-백련산파크자이-766,백련산파크자이,은평구,응암동,678,63,,,
비산동-은하수마을한양-1103-5,은하수마을한양,안양시 동안구,비산동,576,63,,,
삼선동2가-삼선푸르지오-425,삼선푸르지오,성북구,삼선동2가,864,62,,,
홍제동-문화촌현대-463,문화촌현대,서대문구,홍제동,768,62,,,
하계동-하계2현대-288,하계2현대,노원구,하계동,730,47,,,
비산동-관악성원-1102-7,관악성원,안양시 동안구,비산동,713,62,,,
신길동-힐스테이트클래시안-4969,힐스테이트클래시안,영등포구,신길동,1482,60,,,
독산동-한신아파트-1093-4,한신아파트,금천구,독산동,1000,61,,,
홍제동-홍제한양-82,홍제한양,서대문구,홍제동,998,61,,,
반포동-래미안원베일리-1,래미안원베일리,서초구,반포동,2990,41,,,
오류동-동부골든-338,동부골든,구로구,오류동,932,61,,,
구로동-한신-642-9,한신,구로구,구로동,488,62,,,
돈암동-돈암동삼성-15-1,돈암동삼성,성북구,돈암동,1278,60,,,
답십리동-힐스테이트청계-1009,힐스테이트청계,동대문구,답십리동,764,61,,,
북아현동-두산-1009,두산,서대문구,북아현동,763,61,,,
망월동-미사강변트래지안-938,미사강변트래지안,하남시,망월동,360,62,,,
목동-목동청구한신아파트-929,목동청구한신아파트,양천구,목동,1512,44,,,
신정동-목동힐스테이트-1323,목동힐스테이트,양천구,신정동,1081,45,,,
창동-쌍용-807,쌍용,도봉구,창동,1352,59,,,
자곡동-강남자곡-힐스테이트-619,강남자곡 힐스테이트,강남구,자곡동,1339,59,,,
응암동-백련산힐스테이트2차-760,백련산힐스테이트2차,은평구,응암동,893,60,,,
이촌동-한가람-404,한가람,용산구,이촌동,2036,57,,,
신림동-힐스테이트뉴포레-1746,힐스테이트뉴포레,관악구,신림동,1143,59,,,
망포동-영통skview-725,영통SKVIEW,수원시 영통구,망포동,304,61,,,
석관동-래미안아트리치-410,래미안아트리치,성북구,석관동,1091,59,,,
돈암동-이수브라운스톤돈암-636,이수브라운스톤돈암,성북구,돈암동,1074,59,,,
도원동-삼성래미안-23,삼성래미안,용산구,도원동,1458,58,,,
구래동-한가람마을(우미린)-6873-8,한가람마을(우미린),김포시,구래동,2036,56,,,
하월곡동-꿈의숲푸르지오-228,꿈의숲푸르지오,성북구,하월곡동,714,59,,,
신내동-성원-783,성원,중랑구,신내동,713,59,,,
중계동-주공8-362-1,주공8,노원구,중계동,696,44,,,
개포동-개포래미안포레스트-1282,개포래미안포레스트,강남구,개포동,2296,55,,,
신정동-목동신시가지12-326,목동신시가지12,양천구,신정동,1860,41,,,
신월동-목동센트럴아이파크위브4단지-1078,목동센트럴아이파크위브4단지,양천구,신월동,3045,53,,,
신대방동-우성1차-565,우성1차,동작구,신대방동,1335,57,,,
"등촌동-등촌1,2단지주공아파트-687","등촌1,2단지주공아파트",강서구,등촌동,505,59,,,
양평동5가-양평한신-76,양평한신,영등포구,양평동5가,1215,57,,,
풍산동-미사강변센트럴자이-480,미사강변센트럴자이,하남시,풍산동,360,59,,,
